{"x":[0,1,2,3,4,5,6,7,8,9,10,11,12,13,14,15,16,17,18,19,20,21,22,23,24,25,26,27,28,29,30,31,32,33,34,35,36,37,38,39,40,41,42,43,44,45,46,47,48,49,50,51,52,53,54,55,56,57,58,59,60,61,62,63,64,65,66,67,68,69,70,71,72,73,74,75,76,77,78,79,80,81,82,83,84,85,86,87,88,89,90,91,92,93,94,95,96,97,98,99,100],"y":[1.2503814697265625,3.594648373021816,7.7920185794331065,13.543369047706406,19.16182667693036,22.5625,23.339889941833423,23.448441583698422,25.01416980599181,27.56713759181849,28.25,24.944686979896037,18.530111777198194,11.830720602451462,7.041898566796083,4.56280517578125,3.6613549811408257,3.5091123910674704,3.6206789861498954,3.8032207781583987,4.0012359619140625,4.2070652753243,4.446309283007458,4.844406561453298,5.833368578750839,8.5,14.696230292133702,26.039769042075413,41.53592652315538,55.921421805628405,62.00018310546875,56.32290999807973,42.34584792839056,27.292141876672552,16.517666416151737,11.25,10.268275069922346,12.067214213326602,15.346861769647248,18.547328972997576,20.0008544921875,18.940384074891433,16.10056187854972,13.022807651873304,10.834906491171509,9.75,9.421436124018037,9.452372834597135,9.609922796629249,9.801506026113266,10.00018310546875,10.20001783366195,10.400001391394063,10.6,10.8,11,11.2,11.4,11.6,11.8,12,12.2,12.4,12.6,12.8,13,13.2,13.4,13.6,13.8,14,14.2,14.4,14.6,14.8,15,15.2,15.4,15.6,15.8,16,16.2,16.4,16.6,16.8,17,17.2,17.4,17.6,17.8,18,18.2,18.4,18.6,18.8,19,19.2,19.4,19.6,19.8,20]}